policy,episodes,steps,success_mean,success_std,perfect_rate,slots_mean,slots_std,avg_power_mean,episode_reward_mean,total_energy_mean,irs_oracle_match_rate,oracle_tx_gap_mean,dominant_irs_index,dominant_irs_rate
Greedy Imitation,1000,2537,49.996,0.06311893535223802,99.6,2.537,0.7229322236558556,0.42633376108047993,99.04693263728828,16.63116209738489,57.430035474970445,0.012613322822230981,2,0.13322822230981474
Feature Argmax,1000,2529,49.997,0.054690035655501276,99.7,2.529,0.6761353414812746,0.4235083997577166,99.05439636022255,16.658868495356742,56.18821668643733,0.0,0,0.15618821668643731
Greedy IRS,1000,2536,49.997,0.054690035655501276,99.7,2.536,0.6875347263956927,0.365934889648463,99.13164161060911,16.03124330128023,100.0,0.0,7,0.07137223974763407
