split,rows,mse,corr,top1_regret
train,14896,4.078399941418927e-05,0.1677383426072285,0.005349264264711166
val,2976,4.502968856944006e-05,0.1447873196416045,0.006389694212194616
