split,rows,mse,corr,top1_regret
train,68894,0.0004206354677559647,0.998560240409308,0.009595103090842822
val,13764,0.00046502720913184044,0.9983916379307258,0.009895086461439336
