split,rows,mse,corr,top1_regret
train,68894,0.14613198361312146,0.019741192347174218,0.012068707583847187
val,13764,0.14459094344360218,0.02086619679088159,0.01311182774751312
