split,rows,mse,corr,top1_regret
train,68894,0.13931037093831067,0.6805151274643023,0.01060490964194272
val,13764,0.13770514120498398,0.6856970312693327,0.011138823851442341
