split,rows,mse,corr,top1_regret
train,68894,0.00014231837667299713,0.9994856610477736,0.004986423631154223
val,13764,0.00017813628640891375,0.9993543757053146,0.005495781738738694
