split,rows,mse,corr,top1_regret
train,14896,0.0009335497412049608,0.9961539405448536,0.028581526834540856
val,2976,0.0009986788999841066,0.9958400721874349,0.03037059176917625
